{"bot.py": {"mtime": 1770470385.3840013, "size": 37281}, "run_services.sh": null, "run_all.sh": {"mtime": 1769721179.5080018, "size": 746}}